"Author","Author Date","Commit Date","Subject"
BennyWangsihao,2026-09-10 21:01:41,2026-09-10 21:01:41,Initial commit
BennyWangsihao,2026-09-10 11:03:46,2026-09-10 11:03:46,1
BennyWangsihao,2026-09-10 11:04:31,2026-09-10 11:04:31,1
BennyWangsihao,2026-09-10 11:13:26,2026-09-10 11:13:26,1
BennyWangsihao,2026-09-10 11:14:04,2026-09-10 11:14:04,1
BennyWangsihao,2026-09-10 11:15:10,2026-09-10 11:15:10,1
BennyWangsihao,2026-09-10 11:20:02,2026-09-10 11:20:02,1
BennyWangsihao,2026-09-10 21:41:15,2026-09-10 21:41:15,1
BennyWangsihao,2026-09-10 21:48:13,2026-09-10 21:48:13,11
BennyWangsihao,2026-09-10 21:52:18,2026-09-10 21:52:18,1
BennyWangsihao,2026-09-10 22:27:54,2026-09-10 22:27:54,create record and stop button of sound
BennyWangsihao,2026-09-10 22:29:53,2026-09-10 22:29:53,finish the js about the record and stop button also the circle play
BennyWangsihao,2026-09-10 23:06:49,2026-09-10 23:06:49,finish the work
BennyWangsihao,2026-09-10 23:30:12,2026-09-10 23:30:12,1
